{"cameraMode":{"drawMode":0,"name":"Shaded","section":"Shading Mode"},"sceneLighting":true,"audioPlay":false,"sceneViewState":{"m_AlwaysRefresh":false,"showFog":true,"showSkybox":true,"showFlares":true,"showImageEffects":true,"showParticleSystems":true,"showVisualEffectGraphs":true,"m_FxEnabled":true},"in2DMode":false,"pivot":{"x":-0.415439635515213,"y":-2.1507351398468019,"z":-3.656473398208618},"rotation":{"x":0.029994294047355653,"y":-0.008996104821562767,"z":0.00026994416839443147,"w":0.9995085597038269},"size":0.9425562024116516,"orthographic":false}