{"cameraMode":{"drawMode":0,"name":"Shaded","section":"Shading Mode"},"sceneLighting":true,"audioPlay":false,"sceneViewState":{"m_AlwaysRefresh":false,"showFog":true,"showSkybox":true,"showFlares":true,"showImageEffects":true,"showParticleSystems":true,"showVisualEffectGraphs":true,"m_FxEnabled":true},"in2DMode":false,"pivot":{"x":1014.0516357421875,"y":541.2405395507813,"z":-36.106353759765628},"rotation":{"x":0.028793130069971086,"y":0.005086464807391167,"z":-0.00015498397988267243,"w":0.9995846748352051},"size":821.5787963867188,"orthographic":false}