{"cameraMode":{"drawMode":0,"name":"Shaded","section":"Shading Mode"},"sceneLighting":true,"audioPlay":false,"sceneViewState":{"m_AlwaysRefresh":false,"showFog":true,"showSkybox":true,"showFlares":true,"showImageEffects":true,"showParticleSystems":true,"showVisualEffectGraphs":true,"m_FxEnabled":true},"in2DMode":false,"pivot":{"x":-2.0403754711151125,"y":-2.164074659347534,"z":-1.5980985164642335},"rotation":{"x":0.15110251307487489,"y":0.14239256083965302,"z":-0.02199537865817547,"w":0.9779383540153503},"size":5.830397605895996,"orthographic":false}