{"cameraMode":{"drawMode":0,"name":"Shaded","section":"Shading Mode"},"sceneLighting":true,"audioPlay":false,"sceneViewState":{"m_AlwaysRefresh":false,"showFog":true,"showSkybox":true,"showFlares":true,"showImageEffects":true,"showParticleSystems":true,"showVisualEffectGraphs":true,"m_FxEnabled":true},"in2DMode":false,"pivot":{"x":2.9802322387695315e-8,"y":0.992158055305481,"z":0.051243484020233157},"rotation":{"x":0.1367720365524292,"y":0.23589013516902924,"z":-0.03352251276373863,"w":0.9614644050598145},"size":2.7588067054748537,"orthographic":false}