{"cameraMode":{"drawMode":0,"name":"Shaded","section":"Shading Mode"},"sceneLighting":true,"audioPlay":false,"sceneViewState":{"m_AlwaysRefresh":false,"showFog":true,"showSkybox":true,"showFlares":true,"showImageEffects":true,"showParticleSystems":true,"showVisualEffectGraphs":true,"m_FxEnabled":true},"in2DMode":false,"pivot":{"x":28.321205139160158,"y":1.9874927997589112,"z":27.822851181030275},"rotation":{"x":0.06823565810918808,"y":0.4871983230113983,"z":-0.038235630840063098,"w":0.8697953820228577},"size":232.9718780517578,"orthographic":false}