{"cameraMode":{"drawMode":0,"name":"Shaded","section":"Shading Mode"},"sceneLighting":false,"audioPlay":false,"sceneViewState":{"m_AlwaysRefresh":false,"showFog":true,"showSkybox":true,"showFlares":true,"showImageEffects":true,"showParticleSystems":true,"showVisualEffectGraphs":true,"m_FxEnabled":true},"in2DMode":false,"pivot":{"x":3.2244739532470705,"y":-2.762582540512085,"z":60.034217834472659},"rotation":{"x":0.05869271233677864,"y":0.049983344972133639,"z":-0.002926100976765156,"w":0.9970529079437256},"size":38.883331298828128,"orthographic":false}