{"cameraMode":{"drawMode":0,"name":"Shaded","section":"Shading Mode"},"sceneLighting":true,"audioPlay":false,"sceneViewState":{"m_AlwaysRefresh":false,"showFog":true,"showSkybox":true,"showFlares":true,"showImageEffects":true,"showParticleSystems":true,"showVisualEffectGraphs":true,"m_FxEnabled":true},"in2DMode":false,"pivot":{"x":-4.3136796951293949,"y":-1.8349307775497437,"z":18.11264419555664},"rotation":{"x":0.09516534209251404,"y":-0.14225704967975617,"z":0.013736456632614136,"w":0.9851733446121216},"size":12.467159271240235,"orthographic":false}