{"cameraMode":{"drawMode":0,"name":"Shaded","section":"Shading Mode"},"sceneLighting":true,"audioPlay":false,"sceneViewState":{"m_AlwaysRefresh":false,"showFog":true,"showSkybox":true,"showFlares":true,"showImageEffects":true,"showParticleSystems":true,"showVisualEffectGraphs":true,"m_FxEnabled":true},"in2DMode":false,"pivot":{"x":15.747949600219727,"y":180.69186401367188,"z":11.080596923828125},"rotation":{"x":-0.15672650933265687,"y":-0.40170037746429446,"z":-0.06998391449451447,"w":0.8995140790939331},"size":5.858951568603516,"orthographic":false}