{"cameraMode":{"drawMode":0,"name":"Shaded","section":"Shading Mode"},"sceneLighting":true,"audioPlay":false,"sceneViewState":{"m_AlwaysRefresh":false,"showFog":true,"showSkybox":true,"showFlares":true,"showImageEffects":true,"showParticleSystems":true,"showVisualEffectGraphs":true,"m_FxEnabled":true},"in2DMode":false,"pivot":{"x":367.38128662109377,"y":73.56584930419922,"z":-58.761627197265628},"rotation":{"x":0.1238178163766861,"y":0.10160994529724121,"z":-0.01274153497070074,"w":0.9869832396507263},"size":307.1128234863281,"orthographic":false}