{"cameraMode":{"drawMode":0,"name":"Shaded","section":"Shading Mode"},"sceneLighting":true,"audioPlay":false,"sceneViewState":{"m_AlwaysRefresh":false,"showFog":true,"showSkybox":true,"showFlares":true,"showImageEffects":true,"showParticleSystems":true,"showVisualEffectGraphs":true,"m_FxEnabled":true},"in2DMode":false,"pivot":{"x":-4.4079694747924809,"y":185.48562622070313,"z":20.14517593383789},"rotation":{"x":-0.2294427752494812,"y":0.28879380226135256,"z":0.07149796187877655,"w":0.9267289638519287},"size":242.05715942382813,"orthographic":false}