{"cameraMode":{"drawMode":0,"name":"Shaded","section":"Shading Mode"},"sceneLighting":false,"audioPlay":false,"sceneViewState":{"m_AlwaysRefresh":false,"showFog":true,"showSkybox":false,"showFlares":true,"showImageEffects":true,"showParticleSystems":true,"showVisualEffectGraphs":true,"m_FxEnabled":true},"in2DMode":false,"pivot":{"x":-4.2108941078186039,"y":-4.037208557128906,"z":-0.17347592115402223},"rotation":{"x":0.06583695113658905,"y":-0.9256973266601563,"z":0.3201807737350464,"w":0.19034412503242494},"size":0.4285120964050293,"orthographic":false}