{"cameraMode":{"drawMode":0,"name":"Shaded","section":"Shading Mode"},"sceneLighting":false,"audioPlay":false,"sceneViewState":{"m_AlwaysRefresh":false,"showFog":true,"showSkybox":false,"showFlares":true,"showImageEffects":true,"showParticleSystems":true,"showVisualEffectGraphs":true,"m_FxEnabled":true},"in2DMode":false,"pivot":{"x":0.5558351278305054,"y":4.1915764808654789,"z":1.6503267288208008},"rotation":{"x":0.024287927895784379,"y":-0.02490239031612873,"z":0.0006014719256199896,"w":0.9993499517440796},"size":1.9013205766677857,"orthographic":false}