{"cameraMode":{"drawMode":0,"name":"Shaded","section":"Shading Mode"},"sceneLighting":false,"audioPlay":false,"sceneViewState":{"m_AlwaysRefresh":false,"showFog":true,"showSkybox":false,"showFlares":true,"showImageEffects":true,"showParticleSystems":true,"showVisualEffectGraphs":true,"m_FxEnabled":true},"in2DMode":false,"pivot":{"x":0.3824806213378906,"y":8.739999771118164,"z":10.9399995803833},"rotation":{"x":-0.023118777200579644,"y":0.26809704303741457,"z":0.006435038056224585,"w":0.9630852341651917},"size":26.870065689086915,"orthographic":false}