{"cameraMode":{"drawMode":0,"name":"Shaded","section":"Shading Mode"},"sceneLighting":false,"audioPlay":false,"sceneViewState":{"m_AlwaysRefresh":false,"showFog":true,"showSkybox":false,"showFlares":true,"showImageEffects":true,"showParticleSystems":true,"showVisualEffectGraphs":true,"m_FxEnabled":true},"in2DMode":false,"pivot":{"x":2.5571532249450685,"y":-6.927814483642578,"z":45.023582458496097},"rotation":{"x":0.1258350908756256,"y":0.043720003217458728,"z":-0.005548730958253145,"w":0.9910227060317993},"size":27.521602630615236,"orthographic":false}